<TICKER>,<DTYYYYMMDD>,<FIRST>,<HIGH>,<LOW>,<CLOSE>,<VALUE>,<VOL>,<OPENINT>,<PER>,<OPEN>,<LAST>
Gold.Coin.140012,20210804,1162500.00,1166500.00,1141100.00,1156780.00,199428907500,172400,555,D,1152149.00,1160001.00
Gold.Coin.140012,20210803,1134999.00,1169360.00,1125600.00,1152149.00,173283173200,150400,585,D,1141285.00,1164000.00
Gold.Coin.140012,20210802,1148000.00,1158000.00,1128200.00,1141285.00,196415101300,172100,477,D,1148608.00,1129999.00
Gold.Coin.140012,20210801,1172800.00,1172800.00,1138000.00,1148608.00,256484219700,223300,765,D,1157218.00,1140000.00
Gold.Coin.140012,20210731,1141000.00,1166436.00,1134000.00,1157218.00,497951141300,430300,1001,D,1110807.00,1166436.00
Gold.Coin.140012,20210728,1090000.00,1127900.00,1087303.00,1110807.00,454320120400,409000,1018,D,1089861.00,1126000.00
Gold.Coin.140012,20210727,1080122.00,1098500.00,1080122.00,1089861.00,310065603200,284500,913,D,1070398.00,1087890.00
Gold.Coin.140012,20210726,1053000.00,1084000.00,1052997.00,1070398.00,302601630500,282700,947,D,1037981.00,1079001.00
Gold.Coin.140012,20210719,1036000.00,1038899.00,1035501.00,1037981.00,86671434700,83500,252,D,1037300.00,1038000.00
Gold.Coin.140012,20210718,1038000.00,1040996.00,1036000.00,1037300.00,100721841800,97100,303,D,1040412.00,1039900.00
Gold.Coin.140012,20210717,1043000.00,1048866.00,1037932.00,1040412.00,355404745500,341600,586,D,1038919.00,1038555.00
Gold.Coin.140012,20210714,1046499.00,1046500.00,1036000.00,1038919.00,246223739500,237000,501,D,1046613.00,1038000.00
Gold.Coin.140012,20210713,1054222.00,1061800.00,1042502.00,1046613.00,204194197600,195100,629,D,1059358.00,1048678.00
Gold.Coin.140012,20210712,1065799.00,1067500.00,1054000.00,1059358.00,156043418600,147300,434,D,1063411.00,1057500.00
Gold.Coin.140012,20210711,1064750.00,1067500.00,1060000.00,1063411.00,158235493600,148800,338,D,1065816.00,1063001.00
Gold.Coin.140012,20210710,1069110.00,1069500.00,1061030.00,1065816.00,76099301800,71400,229,D,1060306.00,1069500.00
Gold.Coin.140012,20210707,1065000.00,1065000.00,1058010.00,1060306.00,51636894900,48700,212,D,1064392.00,1061888.00
Gold.Coin.140012,20210706,1057000.00,1069600.00,1057000.00,1064392.00,100691526700,94600,296,D,1053949.00,1067001.00
Gold.Coin.140012,20210705,1056999.00,1059980.00,1051500.00,1053949.00,71563145500,67900,309,D,1068057.00,1052000.00
Gold.Coin.140012,20210704,1074800.00,1075000.00,1060000.00,1068057.00,196308870200,183800,500,D,1067951.00,1063000.00
Gold.Coin.140012,20210703,1075900.00,1075900.00,1062011.00,1067951.00,190522499600,178400,351,D,1069988.00,1068900.00
Gold.Coin.140012,20210630,1072000.00,1075000.00,1067000.00,1069988.00,229298491800,214300,426,D,1073966.00,1069201.00
Gold.Coin.140012,20210629,1081499.00,1082500.00,1069000.00,1073966.00,293085410400,272900,699,D,1069691.00,1069000.00
Gold.Coin.140012,20210628,1069000.00,1077490.00,1063500.00,1069691.00,85361322000,79800,288,D,1053679.00,1071000.00
Gold.Coin.140012,20210627,1050999.00,1057800.00,1049011.00,1053679.00,61850938500,58700,158,D,1053966.00,1057000.00
Gold.Coin.140012,20210626,1050100.00,1059000.00,1050000.00,1053966.00,145974334800,138500,289,D,1030822.00,1056600.00
Gold.Coin.140012,20210623,1029900.00,1033200.00,1029009.00,1030822.00,86073633600,83500,250,D,1037715.00,1030300.00
Gold.Coin.140012,20210622,1038900.00,1038999.00,1035102.00,1037715.00,57385615900,55300,198,D,1029982.00,1037001.00
Gold.Coin.140012,20210621,1035002.00,1035002.00,1027100.00,1029982.00,119065879000,115600,296,D,1026623.00,1033500.00
Gold.Coin.140012,20210620,1027000.00,1032000.00,1022120.00,1026623.00,94346616500,91900,326,D,1034784.00,1027000.00
Gold.Coin.140012,20210619,1050000.00,1050000.00,1022100.00,1034784.00,143731484200,138900,528,D,1067477.00,1033859.00
Gold.Coin.140012,20210616,1067200.00,1075000.00,1064000.00,1067477.00,156598953000,146700,302,D,1063738.00,1073000.00
Gold.Coin.140012,20210615,1065803.00,1067900.00,1061009.00,1063738.00,98714869000,92800,221,D,1059775.00,1063000.00
Gold.Coin.140012,20210614,1061000.00,1062300.00,1056000.00,1059775.00,113501904000,107100,334,D,1067555.00,1056012.00
Gold.Coin.140012,20210613,1068889.00,1074499.00,1063601.00,1067555.00,115936507100,108600,260,D,1053440.00,1065000.00
Gold.Coin.140012,20210612,1045000.00,1057900.00,1045000.00,1053440.00,96916441500,92000,276,D,1078822.00,1055502.00
Gold.Coin.140012,20210609,1070109.00,1081000.00,1070100.00,1078822.00,64837187600,60100,212,D,1070175.00,1078998.00
Gold.Coin.140012,20210608,1074400.00,1075000.00,1067000.00,1070175.00,101345553600,94700,231,D,1085177.00,1070202.00
Gold.Coin.140012,20210607,1089000.00,1089500.00,1081000.00,1085177.00,125120880400,115300,324,D,1087477.00,1089000.00
Gold.Coin.140012,20210602,1080012.00,1092000.00,1080012.00,1087477.00,85693189000,78800,286,D,1080098.00,1085000.00
Gold.Coin.140012,20210601,1078000.00,1083500.00,1072200.00,1080098.00,115678480800,107100,263,D,1061940.00,1082000.00
Gold.Coin.140012,20210531,1074599.00,1074599.00,1055001.00,1061940.00,269414149200,253700,420,D,1078476.00,1067990.00
Gold.Coin.140012,20210530,1089999.00,1089999.00,1073000.00,1078476.00,220009095200,204000,485,D,1076167.00,1076500.00
Gold.Coin.140012,20210529,1065100.00,1084000.00,1065100.00,1076167.00,167451532000,155600,510,D,1041794.00,1083801.00
Gold.Coin.140012,20210526,1032000.00,1050699.00,1032000.00,1041794.00,147413899100,141500,478,D,1014798.00,1044000.00
Gold.Coin.140012,20210525,1015000.00,1019800.00,1007730.00,1014798.00,67382570200,66400,199,D,1021151.00,1013102.00
Gold.Coin.140012,20210524,1015502.00,1022499.00,1015502.00,1021151.00,109365264900,107100,295,D,1008603.00,1018100.00
Gold.Coin.140012,20210523,1000111.00,1013900.00,1000111.00,1008603.00,226633017000,224700,295,D,996009.00,1010105.00
Gold.Coin.140012,20210522,993555.00,999980.00,991002.00,996009.00,278185451900,279300,386,D,994691.00,997500.00
Gold.Coin.140012,20210519,988887.00,998900.00,982170.00,994691.00,124634740800,125300,326,D,1018928.00,994500.00
Gold.Coin.140012,20210518,1017778.00,1023000.00,1017000.00,1018928.00,287337764400,282000,408,D,1001472.00,1018000.00
Gold.Coin.140012,20210517,998996.00,1009999.00,992223.00,1001472.00,182968922000,182700,501,D,1024873.00,1002000.00
Gold.Coin.140012,20210516,1030111.00,1038000.00,1015000.00,1024873.00,307871829300,300400,614,D,1019012.00,1020000.00
Gold.Coin.140012,20210515,1012000.00,1028999.00,1012000.00,1019012.00,139298884200,136700,369,D,1000382.00,1022000.00
Gold.Coin.140012,20210512,998990.00,1008000.00,989102.00,1000382.00,114543744400,114500,370,D,991449.00,1007000.00
Gold.Coin.140012,20210511,1001000.00,1001000.00,982000.00,991449.00,156549746400,157900,439,D,974096.00,987500.00
Gold.Coin.140012,20210510,969111.00,981998.00,967000.00,974096.00,133743405400,137300,427,D,937997.00,980500.00
Gold.Coin.140012,20210509,930200.00,942000.00,930100.00,937997.00,78697916600,83900,237,D,935359.00,941501.00
Gold.Coin.140012,20210508,924500.00,938978.00,924500.00,935359.00,96716127800,103400,422,D,906348.00,938978.00
Gold.Coin.140012,20210505,909999.00,914399.00,903800.00,906348.00,152719704800,168500,606,D,933821.00,904001.00
Gold.Coin.140012,20210503,936900.00,936900.00,927520.00,933821.00,100105652700,107200,366,D,931473.00,934578.00
Gold.Coin.140012,20210502,940999.00,940999.00,928300.00,931473.00,134597913000,144500,464,D,957818.00,931030.00
Gold.Coin.140012,20210501,959980.00,965000.00,953000.00,957818.00,132657777900,138500,454,D,984942.00,961600.00
Gold.Coin.140012,20210428,981000.00,989780.00,980200.00,984942.00,90023683200,91400,244,D,985396.00,983400.00
Gold.Coin.140012,20210427,986111.00,992000.00,983011.00,985396.00,105338856800,106900,283,D,983069.00,985000.00
Gold.Coin.140012,20210426,994599.00,994599.00,978710.00,983069.00,111283432200,113200,454,D,1001189.00,983400.00
Gold.Coin.140012,20210425,1000000.00,1005000.00,1000000.00,1001189.00,78793583000,78700,202,D,990472.00,1003000.00
Gold.Coin.140012,20210424,997990.00,997990.00,985301.00,990472.00,56555960900,57100,248,D,1001377.00,992000.00
Gold.Coin.140012,20210421,1007900.00,1007950.00,999101.00,1001377.00,147903357400,147700,473,D,991012.00,1000000.00
Gold.Coin.140012,20210420,998990.00,998990.00,980012.00,991012.00,131903681600,133100,494,D,1013623.00,995880.00
Gold.Coin.140012,20210419,1029999.00,1029999.00,1005250.00,1013623.00,142008644300,140100,537,D,1026575.00,1010000.00
Gold.Coin.140012,20210418,1035000.00,1035000.00,1021000.00,1026575.00,124626185800,121400,410,D,1044081.00,1025400.00
Gold.Coin.140012,20210417,1045000.00,1048900.00,1041010.00,1044081.00,103572866700,99200,320,D,1038926.00,1045500.00
Gold.Coin.140012,20210414,1042222.00,1042222.00,1035200.00,1038926.00,96308407800,92700,289,D,1035535.00,1042198.00
Gold.Coin.140012,20210413,1039000.00,1039000.00,1031111.00,1035535.00,77872203700,75200,299,D,1041734.00,1036000.00
Gold.Coin.140012,20210412,1044444.00,1045000.00,1038300.00,1041734.00,91672576300,88000,284,D,1032512.00,1042400.00
Gold.Coin.140012,20210411,1034000.00,1037000.00,1030000.00,1032512.00,108413752800,105000,395,D,1029066.00,1032999.00
Gold.Coin.140012,20210410,1050000.00,1050000.00,1020192.00,1029066.00,568558846000,552500,1064,D,1074726.00,1020192.00
Gold.Coin.140012,20210407,1077777.00,1077777.00,1070001.00,1074726.00,36863100400,34300,166,D,1077146.00,1072000.00
Gold.Coin.140012,20210406,1075660.00,1081000.00,1073000.00,1077146.00,63120786300,58600,231,D,1067908.00,1077558.00
Gold.Coin.140012,20210405,1069000.00,1073999.00,1065009.00,1067908.00,124624862000,116700,379,D,1066926.00,1072700.00
Gold.Coin.140012,20210404,1059548.00,1071000.00,1056010.00,1066926.00,56760459200,53200,245,D,1059548.00,1070900.00
Gold.Coin.140012,20210403,1060920.00,1072900.00,1053311.00,1059548.00,245179422700,231400,651,D,1102755.00,1059990.00
Gold.Coin.140012,20210331,1092111.00,1107999.00,1092111.00,1102755.00,74325661700,67400,237,D,1109311.00,1106220.00
Gold.Coin.140012,20210330,1115554.00,1115554.00,1101112.00,1109311.00,153084957200,138000,389,D,1119773.00,1109900.00
Gold.Coin.140012,20210328,1112000.00,1124900.00,1112000.00,1119773.00,179163655700,160000,422,D,1098374.00,1122000.00
Gold.Coin.140012,20210327,1101010.00,1108800.00,1096000.00,1098374.00,232635707900,211800,478,D,1088816.00,1097000.00
Gold.Coin.140012,20210317,1080001.00,1094000.00,1079001.00,1088816.00,245201466900,225200,697,D,1070735.00,1091000.00
Gold.Coin.140012,20210316,1064420.00,1079900.00,1064420.00,1070735.00,470159784700,439100,1029,D,1034902.00,1072000.00
Gold.Coin.140012,20210315,1041999.00,1043450.00,1025111.00,1034902.00,512380186900,495100,1020,D,1045624.00,1039105.00
Gold.Coin.140012,20210314,1057777.00,1062000.00,1022032.00,1045624.00,430587845800,411800,1131,D,1057911.00,1033998.00
Gold.Coin.140012,20210313,1070000.00,1070001.00,1048000.00,1057911.00,377462827300,356800,918,D,1037140.00,1067900.00
Gold.Coin.140012,20210310,1036000.00,1046000.00,1020000.00,1037140.00,301807632100,291000,629,D,1027319.00,1029002.00
Gold.Coin.140012,20210309,1032999.00,1033000.00,1023000.00,1027319.00,233304184500,227100,452,D,1036208.00,1028878.00
Gold.Coin.140012,20210308,1042999.00,1042999.00,1025500.00,1036208.00,243094478300,234600,699,D,1028711.00,1033000.00
Gold.Coin.140012,20210307,1031823.00,1038999.00,1010011.00,1028711.00,210680012900,204800,575,D,1031823.00,1038999.00
Gold.Coin.140012,20210306,1047799.00,1047799.00,1030815.00,1031823.00,213896866100,207300,571,D,1085060.00,1030815.00
Gold.Coin.140012,20210303,1088900.00,1091500.00,1080000.00,1085060.00,132485786100,122100,420,D,1082943.00,1082799.00
Gold.Coin.140012,20210302,1080000.00,1089000.00,1071119.00,1082943.00,49382212700,45600,210,D,1103724.00,1084800.00
Gold.Coin.140012,20210301,1100012.00,1110001.00,1100000.00,1103724.00,122954825100,111400,267,D,1094212.00,1107004.00
Gold.Coin.140012,20210228,1089000.00,1099999.00,1089000.00,1094212.00,54382324700,49700,175,D,1106015.00,1093518.00
Gold.Coin.140012,20210227,1114999.00,1114999.00,1103334.00,1106015.00,52425132500,47400,211,D,1122035.00,1107500.00
Gold.Coin.140012,20210224,1129500.00,1129500.00,1115555.00,1122035.00,81235347400,72400,283,D,1101184.00,1121799.00
Gold.Coin.140012,20210223,1100000.00,1107499.00,1096000.00,1101184.00,98115472700,89100,244,D,1096501.00,1104000.00
Gold.Coin.140012,20210222,1101000.00,1115919.00,1092000.00,1096501.00,132895976600,121200,376,D,1097543.00,1093005.00
Gold.Coin.140012,20210221,1119972.00,1119972.00,1090000.00,1097543.00,199862587600,182100,491,D,1137777.00,1094200.00
Gold.Coin.140012,20210220,1131000.00,1149011.00,1130000.00,1137777.00,276593625500,243100,593,D,1179290.00,1132000.00
Gold.Coin.140012,20210217,1183000.00,1183000.00,1174000.00,1179290.00,104838846700,88900,294,D,1190711.00,1176300.00
Gold.Coin.140012,20210216,1185000.00,1199980.00,1180000.00,1190711.00,151696647000,127400,500,D,1174415.00,1190899.00
Gold.Coin.140012,20210215,1174777.00,1178999.00,1169000.00,1174415.00,159720472700,136000,300,D,1192814.00,1173115.00
Gold.Coin.140012,20210214,1195009.00,1199101.00,1190000.00,1192814.00,132640954700,111200,304,D,1199068.00,1196000.00
Gold.Coin.140012,20210213,1192000.00,1207999.00,1190000.00,1199068.00,158276934000,132000,454,D,1165205.00,1200000.00
Gold.Coin.140012,20210209,1160010.00,1169800.00,1160000.00,1165205.00,139125517700,119400,370,D,1135973.00,1160000.00
Gold.Coin.140012,20210208,1132000.00,1141000.00,1131111.00,1135973.00,94853736100,83500,279,D,1089827.00,1140000.00
Gold.Coin.140012,20210207,1088000.00,1096968.00,1083555.00,1089827.00,85115464100,78100,289,D,1080318.00,1096968.00
Gold.Coin.140012,20210206,1075000.00,1088800.00,1075000.00,1080318.00,73245553500,67800,225,D,1078039.00,1085000.00
Gold.Coin.140012,20210203,1078000.00,1089998.00,1073334.00,1078039.00,43768401500,40600,162,D,1095252.00,1083000.00
Gold.Coin.140012,20210202,1098860.00,1099000.00,1090009.00,1095252.00,90358321600,82500,191,D,1092647.00,1094203.00
Gold.Coin.140012,20210201,1085001.00,1100000.00,1085001.00,1092647.00,137782787900,126100,392,D,1097891.00,1095000.00
Gold.Coin.140012,20210131,1088881.00,1108761.00,1088881.00,1097891.00,139541898900,127100,313,D,1084818.00,1107000.00
Gold.Coin.140012,20210130,1085706.00,1090000.00,1080013.00,1084818.00,188107527000,173400,451,D,1050549.00,1086000.00
Gold.Coin.140012,20210127,1058000.00,1060000.00,1040000.00,1050549.00,267154542100,254300,522,D,1023624.00,1046000.00
Gold.Coin.140012,20210126,1039000.00,1039888.00,1012500.00,1023624.00,248024219900,242300,537,D,1060947.00,1020555.00
Gold.Coin.140012,20210125,1059998.00,1066000.00,1054999.00,1060947.00,144607054000,136300,319,D,1061522.00,1062500.00
Gold.Coin.140012,20210124,1050000.00,1069500.00,1050000.00,1061522.00,220796583800,208000,520,D,1025236.00,1068000.00
Gold.Coin.140012,20210123,1028000.00,1031900.00,1020010.00,1025236.00,214171836400,208900,435,D,1039860.00,1029950.00
Gold.Coin.140012,20210120,1048999.00,1048999.00,1034000.00,1039860.00,152235512600,146400,472,D,1016231.00,1034000.00
Gold.Coin.140012,20210119,1007555.00,1025331.00,1000000.00,1016231.00,211477586300,208100,531,D,976329.00,1024999.00
Gold.Coin.140012,20210118,985555.00,1000000.00,973452.00,976329.00,185209708900,189700,567,D,1024577.00,975671.00
Gold.Coin.140012,20210116,1024576.00,1025000.00,1024576.00,1024577.00,50819018300,49600,159,D,1078420.00,1024576.00
Gold.Coin.140012,20210113,1085555.00,1090000.00,1069002.00,1078420.00,182253005500,169000,433,D,1115013.00,1079999.00
Gold.Coin.140012,20210112,1110001.00,1117300.00,1109370.00,1115013.00,66900757300,60000,180,D,1105871.00,1115000.00
Gold.Coin.140012,20210111,1113500.00,1114497.00,1100000.00,1105871.00,141993831300,128400,346,D,1112328.00,1100010.00
Gold.Coin.140012,20210110,1115000.00,1125000.00,1102310.00,1112328.00,120465172800,108300,342,D,1144917.00,1117777.00
Gold.Coin.140012,20210109,1144917.00,1144917.00,1144917.00,1144917.00,15685362900,13700,38,D,1206247.00,1144917.00
Gold.Coin.140012,20210106,1206500.00,1213900.00,1200000.00,1206247.00,66946685900,55500,278,D,1214117.00,1207698.00
Gold.Coin.140012,20210105,1200000.00,1224000.00,1200000.00,1214117.00,98829125400,81400,327,D,1198263.00,1222100.00
Gold.Coin.140012,20210104,1189900.00,1218000.00,1189900.00,1198263.00,113475490500,94700,341,D,1167504.00,1198500.00
Gold.Coin.140012,20210103,1166998.00,1173000.00,1163600.00,1167504.00,91298812100,78200,227,D,1154731.00,1172999.00
Gold.Coin.140012,20210102,1160001.00,1160001.00,1150000.00,1154731.00,157620742200,136500,406,D,1162319.00,1154030.00
Gold.Coin.140012,20201230,1167500.00,1167500.00,1152000.00,1162319.00,129714848500,111600,229,D,1160366.00,1160000.00
Gold.Coin.140012,20201229,1169990.00,1169990.00,1152975.00,1160366.00,139708053300,120400,314,D,1170593.00,1162500.00
Gold.Coin.140012,20201228,1171043.00,1179000.00,1165000.00,1170593.00,60285533100,51500,253,D,1170951.00,1170000.00
Gold.Coin.140012,20201227,1177777.00,1178999.00,1167500.00,1170951.00,116626701300,99600,249,D,1166736.00,1175100.00
Gold.Coin.140012,20201226,1165300.00,1171700.00,1163000.00,1166736.00,101739386900,87200,226,D,1181750.00,1168000.00
Gold.Coin.140012,20201223,1184980.00,1190000.00,1175000.00,1181750.00,109784616500,92900,285,D,1159726.00,1186003.00
Gold.Coin.140012,20201222,1160000.00,1167500.00,1155558.00,1159726.00,110058035400,94900,228,D,1174085.00,1162124.00
Gold.Coin.140012,20201221,1182999.00,1182999.00,1169999.00,1174085.00,59760933900,50900,190,D,1168936.00,1172480.00
Gold.Coin.140012,20201220,1169000.00,1173998.00,1161001.00,1168936.00,102281907400,87500,237,D,1164012.00,1170790.00
Gold.Coin.140012,20201219,1169988.00,1169988.00,1150011.00,1164012.00,147596711400,126800,329,D,1188959.00,1167501.00
Gold.Coin.140012,20201216,1195997.00,1200000.00,1178000.00,1188959.00,63965990200,53800,200,D,1201833.00,1187998.00
Gold.Coin.140012,20201215,1200002.00,1212000.00,1192227.00,1201833.00,148185973500,123300,338,D,1172139.00,1200000.00
Gold.Coin.140012,20201214,1170000.00,1182999.00,1166676.00,1172139.00,139953431700,119400,385,D,1182033.00,1180000.00
Gold.Coin.140012,20201213,1174991.00,1199920.00,1170160.00,1182033.00,90425566800,76500,330,D,1213747.00,1184994.00
Gold.Coin.140012,20201212,1222332.00,1222332.00,1203000.00,1213747.00,158879429800,130900,423,D,1254421.00,1209977.00
Gold.Coin.140012,20201209,1250001.00,1265000.00,1249000.00,1254421.00,70122156900,55900,227,D,1232050.00,1264001.00
Gold.Coin.140012,20201208,1223001.00,1248400.00,1223001.00,1232050.00,157825552700,128100,514,D,1202871.00,1235100.00
Gold.Coin.140012,20201207,1189999.00,1209770.00,1189999.00,1202871.00,90095063800,74900,317,D,1188259.00,1200215.00
Gold.Coin.140012,20201206,1172111.00,1214955.00,1172111.00,1188259.00,212698457900,179000,504,D,1172521.00,1212002.00
Gold.Coin.140012,20201205,1162000.00,1180000.00,1161500.00,1172521.00,238490879500,203400,585,D,1146459.00,1171001.00
Gold.Coin.140012,20201202,1153500.00,1153500.00,1135010.00,1146459.00,228030716400,198900,648,D,1153589.00,1145000.00
Gold.Coin.140012,20201201,1153589.00,1153589.00,1153589.00,1153589.00,192187927400,166600,216,D,1098657.00,1153589.00
Gold.Coin.140012,20201130,1098657.00,1098657.00,1098657.00,1098657.00,43067354400,39200,53,D,1048098.00,1098657.00
Gold.Coin.140012,20201129,1053000.00,1071999.00,1042007.00,1048098.00,160673386900,153300,593,D,1059110.00,1069900.00
Gold.Coin.140012,20201128,1068500.00,1070000.00,1055001.00,1059110.00,182484622500,172300,501,D,1070460.00,1057000.00
Gold.Coin.140012,20201125,1080000.00,1086000.00,1060000.00,1070460.00,135627323500,126700,483,D,1093734.00,1068500.00
Gold.Coin.140012,20201124,1109994.00,1109994.00,1085100.00,1093734.00,197419043000,180500,587,D,1142054.00,1094000.00
Gold.Coin.140012,20201123,1137100.00,1147000.00,1135000.00,1142054.00,93077377700,81500,290,D,1135444.00,1142000.00
Gold.Coin.140012,20201122,1159000.00,1159000.00,1129000.00,1135444.00,136820987600,120500,417,D,1165701.00,1133000.00
Gold.Coin.140012,20201121,1170000.00,1179990.00,1152660.00,1165701.00,149792612100,128500,408,D,1144931.00,1161001.00
Gold.Coin.140012,20201118,1158111.00,1163000.00,1131000.00,1144931.00,239519625400,209200,623,D,1186779.00,1144319.00
Gold.Coin.140012,20201117,1197800.00,1200000.00,1152000.00,1186779.00,83549227000,70400,304,D,1213482.00,1190000.00
Gold.Coin.140012,20201116,1200003.00,1234500.00,1200003.00,1213482.00,199011007300,164000,465,D,1213604.00,1233000.00
Gold.Coin.140012,20201115,1230000.00,1240000.00,1206818.00,1213604.00,120268157300,99100,290,D,1275581.00,1206818.00
Gold.Coin.140012,20201114,1291000.00,1298999.00,1253000.00,1275581.00,166208160600,130300,367,D,1291073.00,1260000.00
Gold.Coin.140012,20201111,1270000.00,1297999.00,1270000.00,1291073.00,154283237600,119500,318,D,1308151.00,1289500.00
Gold.Coin.140012,20201110,1319000.00,1325000.00,1294886.00,1308151.00,360134008500,275300,623,D,1310406.00,1307882.00
Gold.Coin.140012,20201109,1310406.00,1310406.00,1310406.00,1310406.00,205078539000,156500,195,D,1248006.00,1310406.00
Gold.Coin.140012,20201108,1248006.00,1248006.00,1248006.00,1248006.00,128295016800,102800,219,D,1313690.00,1248006.00
Gold.Coin.140012,20201107,1313690.00,1313690.00,1313690.00,1313690.00,8670354000,6600,12,D,1382831.00,1313690.00
Gold.Coin.140012,20201104,1382831.00,1382831.00,1382831.00,1382831.00,25582373500,18500,35,D,1316982.00,1382831.00
Gold.Coin.140012,20201102,1316982.00,1316982.00,1316982.00,1316982.00,251806958400,191200,163,D,1256521.00,1316982.00
Gold.Coin.140012,20201101,1269875.00,1275000.00,1239258.00,1256521.00,277314225800,220700,548,D,1238822.00,1249898.00
Gold.Coin.140012,20201031,1238334.00,1249000.00,1238334.00,1238822.00,265355762800,214200,384,D,1305101.00,1238334.00
Gold.Coin.140012,20201028,1327000.00,1327000.00,1295002.00,1305101.00,315834448200,242000,587,D,1343131.00,1296998.00
Gold.Coin.140012,20201027,1335111.00,1352000.00,1335000.00,1343131.00,237734253100,177000,416,D,1334702.00,1338000.00
Gold.Coin.140012,20201026,1348000.00,1348000.00,1334008.00,1334702.00,145749465600,109200,276,D,1405632.00,1334008.00
Gold.Coin.140012,20201024,1419501.00,1425000.00,1390000.00,1405632.00,330042399100,234800,639,D,1392301.00,1407900.00
Gold.Coin.140012,20201021,1370000.00,1421000.00,1370000.00,1392301.00,222628984800,159900,534,D,1373713.00,1382333.00
Gold.Coin.140012,20201020,1373713.00,1373713.00,1373713.00,1373713.00,321311470700,233900,347,D,1444557.00,1373713.00
Gold.Coin.140012,20201019,1450000.00,1480000.00,1428500.00,1444557.00,542864398000,375800,753,D,1495366.00,1444900.00
Gold.Coin.140012,20201018,1580000.00,1580000.00,1469633.00,1495366.00,595454648100,398200,911,D,1548634.00,1499999.00
Gold.Coin.140012,20201014,1574000.00,1574000.00,1531201.00,1548634.00,340234993100,219700,553,D,1602736.00,1554000.00
Gold.Coin.140012,20201013,1600000.00,1618499.00,1590000.00,1602736.00,283684231800,177000,520,D,1553683.00,1605000.00
Gold.Coin.140012,20201012,1568000.00,1568000.00,1537000.00,1553683.00,384225706200,247300,603,D,1553483.00,1564001.00
Gold.Coin.140012,20201011,1554139.00,1554139.00,1541000.00,1553483.00,342387597800,220400,304,D,1480133.00,1554139.00
Gold.Coin.140012,20201010,1480133.00,1480133.00,1480133.00,1480133.00,49288428900,33300,53,D,1412232.00,1480133.00
Gold.Coin.140012,20201007,1425900.00,1425900.00,1390100.00,1412232.00,132608566900,93900,326,D,1439906.00,1422000.00
Gold.Coin.140012,20201006,1469999.00,1469999.00,1415001.00,1439906.00,235424575200,163500,509,D,1409321.00,1425900.00
Gold.Coin.140012,20201005,1411293.00,1411293.00,1400000.00,1409321.00,329922132800,234100,507,D,1347468.00,1406121.00
Gold.Coin.140012,20201004,1356000.00,1368100.00,1343581.00,1347468.00,163717390500,121500,346,D,1427060.00,1343581.00
Gold.Coin.140012,20201003,1440000.00,1455000.00,1400103.00,1427060.00,316379290500,221700,591,D,1397434.00,1411909.00
Gold.Coin.140012,20200930,1370000.00,1408250.00,1360099.00,1397434.00,310370130800,222100,503,D,1341729.00,1408250.00
Gold.Coin.140012,20200929,1365000.00,1365000.00,1335000.00,1341729.00,253989397400,189300,494,D,1334136.00,1341100.00
Gold.Coin.140012,20200928,1330000.00,1344000.00,1325000.00,1334136.00,205857187700,154300,402,D,1319243.00,1333400.00
Gold.Coin.140012,20200927,1338000.00,1338000.00,1315001.00,1319243.00,165037249500,125100,422,D,1332550.00,1319001.00
Gold.Coin.140012,20200926,1342000.00,1349000.00,1300020.00,1332550.00,169500417600,127200,466,D,1328662.00,1308000.00
Gold.Coin.140012,20200923,1329000.00,1355000.00,1314001.00,1328662.00,306256552000,230500,510,D,1305538.00,1339000.00
Gold.Coin.140012,20200922,1306000.00,1319998.00,1293000.00,1305538.00,165019968100,126400,477,D,1303884.00,1309000.00
Gold.Coin.140012,20200921,1319500.00,1322980.00,1286000.00,1303884.00,362219090600,277800,637,D,1299329.00,1290002.00
Gold.Coin.140012,20200920,1299329.00,1299329.00,1299329.00,1299329.00,66915443500,51500,43,D,1237457.00,1299329.00
Gold.Coin.140012,20200919,1237457.00,1237457.00,1237457.00,1237457.00,23016700200,18600,28,D,1225205.00,1237457.00
Gold.Coin.140012,20200916,1225205.00,1225205.00,1225205.00,1225205.00,980164000,800,4,D,1213075.00,1225205.00
Gold.Coin.140012,20200915,1213075.00,1213075.00,1213075.00,1213075.00,4973607500,4100,16,D,1201065.00,1213075.00
Gold.Coin.140012,20200914,1201065.00,1201065.00,1201065.00,1201065.00,2041810500,1700,8,D,1189174.00,1201065.00
Gold.Coin.140012,20200913,1189174.00,1189174.00,1189174.00,1189174.00,594587000,500,3,D,1177400.00,1189174.00
Gold.Coin.140012,20200912,1177400.00,1177400.00,1177400.00,1177400.00,1530620000,1300,7,D,1165743.00,1177400.00
Gold.Coin.140012,20200909,1165743.00,1165743.00,1165743.00,1165743.00,37770073200,32400,15,D,1154201.00,1165743.00
Gold.Coin.140012,20200908,1154201.00,1154201.00,1154201.00,1154201.00,3347182900,2900,9,D,1142711.00,1154201.00
Gold.Coin.140012,20200907,1142849.00,1142849.00,1136001.00,1142711.00,443714811500,388300,397,D,1131534.00,1142849.00
Gold.Coin.140012,20200906,1131534.00,1131534.00,1131534.00,1131534.00,31682952000,28000,30,D,1120331.00,1131534.00
Gold.Coin.140012,20200905,1120331.00,1120331.00,1120331.00,1120331.00,31481301100,28100,35,D,1109239.00,1120331.00
Gold.Coin.140012,20200902,1109239.00,1109239.00,1109239.00,1109239.00,71989611100,64900,32,D,1098257.00,1109239.00
Gold.Coin.140012,20200901,1098257.00,1098257.00,1098257.00,1098257.00,3514422400,3200,9,D,1087384.00,1098257.00
Gold.Coin.140012,20200831,1087384.00,1087384.00,1087384.00,1087384.00,8590333600,7900,17,D,1076598.00,1087384.00
Gold.Coin.140012,20200826,1076622.00,1076622.00,1070500.00,1076598.00,138988819300,129100,101,D,1069300.00,1076622.00
Gold.Coin.140012,20200825,1072997.00,1072997.00,1064000.00,1069300.00,186058168200,174000,224,D,1062622.00,1067000.00
Gold.Coin.140012,20200824,1064111.00,1069999.00,1062365.00,1062622.00,164706450400,155000,236,D,1073571.00,1062365.00
Gold.Coin.140012,20200823,1073955.00,1073955.00,1070000.00,1073571.00,206018283200,191900,235,D,1068931.00,1070005.00
Gold.Coin.140012,20200822,1080000.00,1080000.00,1063175.00,1068931.00,71190838900,66600,162,D,1080737.00,1063175.00
Gold.Coin.140012,20200819,1069453.00,1091057.00,1069453.00,1080737.00,179834637300,166400,279,D,1085942.00,1090800.00
Gold.Coin.140012,20200818,1096900.00,1096900.00,1079000.00,1085942.00,194274978500,178900,291,D,1087955.00,1080000.00
Gold.Coin.140012,20200817,1087955.00,1087955.00,1087955.00,1087955.00,70608279500,64900,77,D,1077184.00,1087955.00
Gold.Coin.140012,20200816,1077184.00,1077184.00,1077184.00,1077184.00,3662425600,3400,25,D,1088064.00,1077184.00
Gold.Coin.140012,20200815,1088064.00,1088064.00,1088064.00,1088064.00,2176128000,2000,13,D,1099054.00,1088064.00
Gold.Coin.140012,20200812,1099054.00,1099054.00,1099054.00,1099054.00,18683918000,17000,24,D,1110873.00,1099054.00
Gold.Coin.140012,20200811,1110165.00,1118000.00,1110155.00,1110873.00,326374401700,293800,328,D,1121368.00,1110155.00
Gold.Coin.140012,20200810,1121368.00,1121368.00,1121368.00,1121368.00,2018462400,1800,14,D,1132694.00,1121368.00
Gold.Coin.140012,20200809,1132694.00,1132694.00,1132694.00,1132694.00,7135972200,6300,27,D,1144135.00,1132694.00
Gold.Coin.140012,20200805,1144135.00,1144135.00,1144135.00,1144135.00,7665704500,6700,15,D,1132881.00,1144135.00
Gold.Coin.140012,20200804,1132881.00,1132881.00,1132881.00,1132881.00,76242891300,67300,68,D,1121665.00,1132881.00
Gold.Coin.140012,20200803,1121665.00,1121665.00,1121665.00,1121665.00,47334263000,42200,61,D,1112888.00,1121665.00
Gold.Coin.140012,20200802,1112908.00,1112908.00,1102000.00,1112888.00,203881001800,183200,237,D,1101890.00,1112908.00
Gold.Coin.140012,20200801,1101890.00,1101890.00,1101890.00,1101890.00,11900412000,10800,17,D,1090981.00,1101890.00
Gold.Coin.140012,20200729,1090981.00,1090981.00,1090981.00,1090981.00,5236708800,4800,17,D,1080180.00,1090981.00
Gold.Coin.140012,20200728,1080180.00,1080180.00,1080180.00,1080180.00,2268378000,2100,6,D,1069486.00,1080180.00
Gold.Coin.140012,20200727,1069486.00,1069486.00,1069486.00,1069486.00,21282771400,19900,27,D,1058898.00,1069486.00
Gold.Coin.140012,20200726,1058898.00,1058898.00,1058898.00,1058898.00,16307029200,15400,17,D,1048414.00,1058898.00
Gold.Coin.140012,20200725,1048414.00,1048414.00,1048414.00,1048414.00,5451752800,5200,11,D,1042668.00,1048414.00
Gold.Coin.140012,20200722,1040000.00,1052000.00,1030000.00,1042668.00,113546496500,108900,284,D,1028541.00,1044490.00
Gold.Coin.140012,20200721,1027989.00,1041000.00,1027989.00,1028541.00,429313172300,417400,453,D,1091378.00,1036990.00
Gold.Coin.140012,20200720,1098599.00,1098599.00,1076845.00,1091378.00,387548473300,355100,542,D,1087722.00,1079000.00
Gold.Coin.140012,20200719,1087722.00,1087722.00,1087722.00,1087722.00,2392988400,2200,7,D,1076953.00,1087722.00
Gold.Coin.140012,20200718,1076953.00,1076953.00,1076953.00,1076953.00,969257700,900,5,D,1066291.00,1076953.00
Gold.Coin.140012,20200715,1066291.00,1066291.00,1066291.00,1066291.00,4158534900,3900,14,D,1055734.00,1066291.00
Gold.Coin.140012,20200714,1055734.00,1055734.00,1055734.00,1055734.00,2533761600,2400,7,D,1045282.00,1055734.00
Gold.Coin.140012,20200713,1045282.00,1045282.00,1045282.00,1045282.00,4181128000,4000,16,D,1034933.00,1045282.00
Gold.Coin.140012,20200712,1034933.00,1034933.00,1034933.00,1034933.00,42018279800,40600,56,D,1024687.00,1034933.00
Gold.Coin.140012,20200711,1024687.00,1024687.00,1024687.00,1024687.00,4713560200,4600,15,D,1014542.00,1024687.00
Gold.Coin.140012,20200708,1014542.00,1014542.00,1014542.00,1014542.00,5072710000,5000,10,D,1005691.00,1014542.00
Gold.Coin.140012,20200707,1005000.00,1021242.00,1001020.00,1005691.00,191483529900,190400,394,D,1009705.00,1021242.00
Gold.Coin.140012,20200706,1012819.00,1012819.00,992765.00,1009705.00,210018651300,208000,421,D,1002792.00,992765.00
Gold.Coin.140012,20200705,1002792.00,1002792.00,1002792.00,1002792.00,16846905600,16800,39,D,9550407.00,1002792.00
Gold.Coin.140012,20200704,9550407.00,9550407.00,9550407.00,9550407.00,1719073260,180,13,D,9095626.00,9550407.00
Gold.Coin.140012,20200701,9095626.00,9095626.00,9095626.00,9095626.00,69945363940,7690,39,D,9005571.00,9095626.00
Gold.Coin.140012,20200630,9005571.00,9005571.00,9005571.00,9005571.00,16570250640,1840,46,D,8924454.00,9005571.00
Gold.Coin.140012,20200628,8800000.00,8941425.00,8800000.00,8924454.00,154393054680,17300,317,D,8554942.00,8940000.00
Gold.Coin.140012,20200627,8420030.00,8665000.00,8420030.00,8554942.00,96927490700,11330,319,D,8535055.00,8665000.00
Gold.Coin.140012,20200624,8669900.00,8669900.00,8500000.00,8535055.00,112577374460,13190,376,D,8727672.00,8502112.00
Gold.Coin.140012,20200623,8780000.00,8780000.00,8654332.00,8727672.00,64322945600,7370,283,D,8405234.00,8715000.00
Gold.Coin.140012,20200622,8296010.00,8444000.00,8296007.00,8405234.00,105401629130,12540,351,D,8115506.00,8424999.00
Gold.Coin.140012,20200621,8048000.00,8170000.00,8048000.00,8115506.00,65735604520,8100,317,D,7937283.00,8164000.00
Gold.Coin.140012,20200620,7940000.00,7998999.00,7900000.00,7937283.00,113185652870,14260,391,D,7790683.00,7959000.00
Gold.Coin.140012,20200616,7750000.00,7830000.00,7730000.00,7790683.00,95981221060,12320,331,D,7700926.00,7790000.00
Gold.Coin.140012,20200615,7707524.00,7729999.00,7653000.00,7700926.00,85480278550,11100,334,D,7608270.00,7655208.00
Gold.Coin.140012,20200614,7581000.00,7630000.00,7581000.00,7608270.00,113515393550,14920,249,D,7549865.00,7603201.00
Gold.Coin.140012,20200613,7599500.00,7599500.00,7530001.00,7549865.00,138993020050,18410,408,D,7525310.00,7542000.00
Gold.Coin.140012,20200610,7530000.00,7553999.00,7500000.00,7525310.00,78112724420,10380,247,D,7372601.00,7501000.00
Gold.Coin.140012,20200609,7321000.00,7405000.00,7321000.00,7372601.00,42539909070,5770,202,D,7251380.00,7390000.00
Gold.Coin.140012,20200608,7263000.00,7270000.00,7241003.00,7251380.00,40462699820,5580,212,D,7284695.00,7260000.00
Gold.Coin.140012,20200607,7299888.00,7327990.00,7220000.00,7284695.00,58787490600,8070,267,D,7213202.00,7290000.00
Gold.Coin.140012,20200606,7359000.00,7359000.00,7162000.00,7213202.00,166552839110,23090,579,D,7401334.00,7187000.00
Gold.Coin.140012,20200602,7429907.00,7429907.00,7385000.00,7401334.00,100658141870,13600,310,D,7432397.00,7400000.00
Gold.Coin.140012,20200601,7440000.00,7479993.00,7400006.00,7432397.00,95134684240,12800,264,D,7358117.00,7451000.00
Gold.Coin.140012,20200531,7387947.00,7400000.00,7340000.00,7358117.00,53493514260,7270,213,D,7421306.00,7368114.00
Gold.Coin.140012,20200530,7522222.00,7619838.00,7300000.00,7421306.00,122971037860,16570,341,D,7471374.00,7415000.00
Gold.Coin.140012,20200527,7471374.00,7471374.00,7471374.00,7471374.00,174157727940,23310,166,D,7548515.00,7471374.00
Gold.Coin.140012,20200526,7599888.00,7632000.00,7545999.00,7548515.00,262537000000,34780,344,D,7646362.00,7550000.00
Gold.Coin.140012,20200523,7694000.00,7694000.00,7600000.00,7646362.00,141381235030,18490,324,D,7587832.00,7632000.00
Gold.Coin.140012,20200520,7510000.00,7620563.00,7510000.00,7587832.00,359207966000,47340,358,D,7545112.00,7620563.00
Gold.Coin.140012,20200519,7545112.00,7545112.00,7545112.00,7545112.00,186892424240,24770,148,D,7621325.00,7545112.00
Gold.Coin.140012,20200513,7621325.00,7621325.00,7621325.00,7621325.00,196935038000,25840,148,D,7545867.00,7621325.00
Gold.Coin.140012,20200512,7545867.00,7545867.00,7545867.00,7545867.00,56895837180,7540,55,D,7471156.00,7545867.00
Gold.Coin.140012,20200511,7471156.00,7471156.00,7471156.00,7471156.00,180353705840,24140,97,D,7397185.00,7471156.00
Gold.Coin.140012,20200510,7397185.00,7397185.00,7397185.00,7397185.00,2293127350,310,10,D,7397936.00,7397185.00
Gold.Coin.140012,20200509,7399999.00,7500000.00,7297887.00,7397936.00,105494568700,14260,407,D,7297885.00,7439000.00
Gold.Coin.140012,20200506,7398500.00,7398500.00,7166000.00,7297885.00,62177979160,8520,275,D,7298483.00,7199000.00
Gold.Coin.140012,20200505,7109000.00,7399000.00,7109000.00,7298483.00,126555696490,17340,450,D,7142901.00,7330000.00
Gold.Coin.140012,20200504,7177000.00,7205000.00,7090000.00,7142901.00,167358178690,23430,539,D,7004397.00,7166000.00
Gold.Coin.140012,20200503,6950000.00,7130000.00,6860020.00,7004397.00,317089047080,45270,755,D,6888288.00,7090000.00
Gold.Coin.140012,20200502,6885888.00,6918500.00,6774999.00,6888288.00,202928985310,29460,627,D,6856273.00,6900000.00
Gold.Coin.140012,20200429,6759900.00,6955000.00,6758000.00,6856273.00,255396179430,37250,595,D,6706780.00,6878000.00
Gold.Coin.140012,20200428,6770000.00,6770000.00,6680000.00,6706780.00,196106254510,29240,513,D,6818966.00,6714996.00
Gold.Coin.140012,20200427,6770000.00,6916000.00,6740000.00,6818966.00,201568627720,29560,568,D,6744431.00,6800001.00
Gold.Coin.140012,20200426,6698996.00,6824999.00,6630001.00,6744431.00,253455725310,37580,737,D,6582968.00,6816999.00
Gold.Coin.140012,20200425,6622000.00,6622000.00,6530000.00,6582968.00,231588827160,35180,802,D,6549523.00,6593801.00
Gold.Coin.140012,20200422,6500000.00,6599986.00,6490000.00,6549523.00,120576722080,18410,473,D,6390265.00,6578000.00
Gold.Coin.140012,20200421,6390000.00,6420000.00,6340555.00,6390265.00,173048381430,27080,588,D,6308034.00,6387000.00
Gold.Coin.140012,20200420,6300000.00,6341000.00,6280001.00,6308034.00,145147873640,23010,560,D,6302557.00,6280001.00
Gold.Coin.140012,20200419,6321000.00,6325000.00,6270000.00,6302557.00,139664669050,22160,564,D,6431438.00,6300000.00
Gold.Coin.140012,20200418,6525500.00,6530000.00,6380000.00,6431438.00,192042750340,29860,736,D,6637471.00,6399000.00
Gold.Coin.140012,20200415,6639999.00,6699900.00,6611002.00,6637471.00,78720409690,11860,285,D,6674719.00,6641000.00
Gold.Coin.140012,20200414,6769229.00,6769501.00,6600000.00,6674719.00,196503734900,29440,620,D,6733281.00,6688005.00
Gold.Coin.140012,20200413,6749999.00,6795000.00,6701000.00,6733281.00,98844571200,14680,281,D,6770922.00,6730666.00
Gold.Coin.140012,20200412,6730000.00,6799000.00,6730000.00,6770922.00,144423770980,21330,404,D,6647291.00,6765011.00
Gold.Coin.140012,20200411,6620018.00,6704999.00,6590000.00,6647291.00,100706463460,15150,396,D,6599386.00,6685005.00
Gold.Coin.140012,20200408,6600003.00,6660050.00,6571000.00,6599386.00,113509438950,17200,303,D,6724136.00,6614000.00
Gold.Coin.140012,20200407,6770000.00,6848999.00,6661000.00,6724136.00,147594787240,21950,550,D,6832539.00,6676000.00
Gold.Coin.140012,20200406,6948999.00,6948999.00,6770000.00,6832539.00,107817477000,15780,440,D,6923966.00,6775014.00
Gold.Coin.140012,20200405,6810000.00,6987654.00,6810000.00,6923966.00,148934509710,21510,386,D,6811170.00,6918000.00
Gold.Coin.140012,20200404,6900001.00,6970000.00,6766000.00,6811170.00,73356298770,10770,364,D,6954524.00,6790000.00
Gold.Coin.140012,20200330,6801001.00,7049910.00,6801001.00,6954524.00,120661002450,17350,415,D,6720591.00,7000001.00
Gold.Coin.140012,20200329,6750000.00,6760000.00,6605001.00,6720591.00,79168560500,11780,369,D,6553906.00,6760000.00
Gold.Coin.140012,20200328,6521111.00,6599800.00,6521111.00,6553906.00,123868834760,18900,418,D,6491817.00,6576000.00
Gold.Coin.140012,20200325,6529996.00,6560000.00,6411001.00,6491817.00,151519018930,23340,315,D,6508276.00,6507918.00
Gold.Coin.140012,20200324,6404000.00,6579994.00,6370001.00,6508276.00,69638551900,10700,382,D,6343943.00,6540000.00
Gold.Coin.140012,20200318,6290000.00,6380000.00,6280000.00,6343943.00,105372896150,16610,461,D,6270035.00,6364992.00
Gold.Coin.140012,20200317,6279999.00,6317999.00,6190000.00,6270035.00,131921536800,21040,381,D,6277130.00,6300000.00
Gold.Coin.140012,20200316,6395000.00,6395000.00,6155222.00,6277130.00,167222755260,26640,602,D,6155296.00,6175000.00
Gold.Coin.140012,20200315,6150000.00,6193000.00,6122000.00,6155296.00,50719638160,8240,239,D,6022473.00,6153333.00
Gold.Coin.140012,20200314,5923225.00,6150000.00,5923225.00,6022473.00,158210370600,26270,478,D,6234973.00,6089992.00
Gold.Coin.140012,20200311,6168000.00,6398760.00,6111116.00,6234973.00,65778969470,10550,228,D,6179291.00,6224999.00
Gold.Coin.140012,20200310,6211000.00,6211000.00,6156000.00,6179291.00,47395163670,7670,321,D,6316414.00,6161108.00
Gold.Coin.140012,20200309,6288289.00,6399999.00,6210000.00,6316414.00,132771036870,21020,556,D,6109523.00,6340000.00
Gold.Coin.140012,20200307,6114999.00,6129999.00,6020000.00,6109523.00,275967157090,45170,303,D,6016950.00,6120000.00
Gold.Coin.140012,20200304,5955000.00,6050000.00,5950000.00,6016950.00,43803398520,7280,184,D,5943072.00,6050000.00
Gold.Coin.140012,20200303,6100000.00,6100000.00,5870000.00,5943072.00,82252116550,13840,367,D,6125072.00,5930000.00
Gold.Coin.140012,20200302,6100000.00,6157777.00,6020001.00,6125072.00,326466366640,53300,491,D,5905340.00,6074000.00
Gold.Coin.140012,20200301,5800001.00,5990000.00,5800000.00,5905340.00,173557951560,29390,663,D,5788802.00,5979997.00
Gold.Coin.140012,20200229,5788802.00,5788802.00,5788802.00,5788802.00,59103668420,10210,96,D,6093475.00,5788802.00
Gold.Coin.140012,20200226,6122222.00,6149899.00,6065002.00,6093475.00,96642524480,15860,363,D,6066337.00,6147999.00
Gold.Coin.140012,20200225,6250000.00,6250000.00,6012000.00,6066337.00,239195686480,39430,612,D,6107239.00,6080000.00
Gold.Coin.140012,20200224,6050000.00,6133086.00,6020000.00,6107239.00,145901940240,23890,405,D,5841035.00,6133086.00
Gold.Coin.140012,20200223,5848160.00,5848160.00,5793001.00,5841035.00,232590011500,39820,758,D,5569677.00,5795000.00
Gold.Coin.140012,20200222,5569677.00,5569677.00,5569677.00,5569677.00,36035810190,6470,36,D,5304455.00,5569677.00
Gold.Coin.140012,20200219,5350000.00,5350000.00,5299000.00,5304455.00,15170740700,2860,51,D,5278955.00,5320002.00
Gold.Coin.140012,20200218,5299950.00,5299950.00,5250000.00,5278955.00,58860351890,11150,344,D,5250092.00,5252005.00
Gold.Coin.140012,20200217,5240000.00,5285693.00,5230000.00,5250092.00,50453391170,9610,302,D,5209083.00,5230000.00
Gold.Coin.140012,20200216,5230000.00,5240000.00,5180000.00,5209083.00,71937442620,13810,387,D,5208042.00,5187998.00
Gold.Coin.140012,20200215,5185000.00,5234999.00,5165001.00,5208042.00,108379352400,20810,523,D,5155004.00,5231000.00
Gold.Coin.140012,20200212,5180000.00,5197000.00,5141600.00,5155004.00,82840919210,16070,366,D,5160010.00,5152000.00
Gold.Coin.140012,20200210,5124000.00,5195000.00,5124000.00,5160010.00,72549741950,14060,359,D,5115834.00,5144900.00
Gold.Coin.140012,20200209,5118990.00,5139000.00,5085000.00,5115834.00,105079239380,20540,457,D,5061083.00,5126000.00
Gold.Coin.140012,20200208,5050000.00,5080000.00,5045000.00,5061083.00,94338591740,18640,365,D,4987373.00,5058000.00
Gold.Coin.140012,20200205,4991000.00,5015000.00,4967000.00,4987373.00,142938129560,28660,410,D,5029014.00,5000000.00
Gold.Coin.140012,20200204,5010000.00,5046899.00,4990001.00,5029014.00,107972929190,21470,284,D,5027075.00,5026494.00
Gold.Coin.140012,20200203,5063798.00,5063798.00,5000010.00,5027075.00,57258391310,11390,255,D,4984430.00,5020000.00
Gold.Coin.140012,20200202,4990000.00,5014000.00,4952000.00,4984430.00,135626350770,27210,382,D,5099736.00,5000000.00
Gold.Coin.140012,20200201,5112433.00,5135000.00,5055000.00,5099736.00,103167659590,20230,433,D,5106232.00,5055000.00
Gold.Coin.140012,20200128,5085333.00,5130000.00,5085000.00,5106232.00,101818261930,19940,396,D,5069549.00,5110000.00
Gold.Coin.140012,20200127,5000011.00,5080000.00,5000011.00,5069549.00,78932878460,15570,382,D,4990263.00,5070102.00
Gold.Coin.140012,20200126,5000000.00,5000000.00,4980001.00,4990263.00,173012411200,34670,347,D,4957148.00,4990003.00
Gold.Coin.140012,20200125,4949000.00,4988999.00,4942119.00,4957148.00,148317887660,29920,438,D,4911106.00,4961999.00
Gold.Coin.140012,20200122,4900000.00,4927000.00,4888011.00,4911106.00,56526832110,11510,208,D,4904270.00,4926888.00
Gold.Coin.140012,20200121,4908000.00,4930000.00,4890003.00,4904270.00,88129741700,17970,268,D,4932431.00,4917000.00
Gold.Coin.140012,20200120,4900011.00,4959960.00,4900011.00,4932431.00,65404042350,13260,272,D,4888933.00,4924999.00
Gold.Coin.140012,20200119,4889981.00,4910000.00,4871000.00,4888933.00,52800479620,10800,264,D,4932716.00,4885103.00
Gold.Coin.140012,20200118,4936000.00,4950000.00,4903000.00,4932716.00,78479514960,15910,390,D,5014812.00,4920000.00
Gold.Coin.140012,20200115,5019999.00,5079999.00,4953000.00,5014812.00,71410929820,14240,528,D,4933876.00,4970000.00
Gold.Coin.140012,20200114,4874000.00,5050000.00,4850000.00,4933876.00,220642940140,44720,833,D,4843546.00,5019999.00
Gold.Coin.140012,20200113,4840000.00,4887000.00,4815000.00,4843546.00,90719613860,18730,357,D,4807691.00,4874010.00
Gold.Coin.140012,20200112,4780003.00,4848000.00,4780003.00,4807691.00,98317284250,20450,477,D,4853891.00,4847000.00
Gold.Coin.140012,20200111,4880083.00,4880083.00,4787009.00,4853891.00,147703916830,30430,378,D,5136929.00,4812000.00
Gold.Coin.140012,20200108,5200000.00,5200000.00,5020000.00,5136929.00,268815482630,52330,1130,D,5264459.00,5100000.00
Gold.Coin.140012,20200107,5265301.00,5265301.00,5210000.00,5264459.00,142982722710,27160,329,D,5014573.00,5265301.00
Gold.Coin.140012,20200105,4900006.00,5078905.00,4900006.00,5014573.00,261108833890,52070,1033,D,4837053.00,5078905.00
Gold.Coin.140012,20200104,4881000.00,4881000.00,4800000.00,4837053.00,109849485940,22710,537,D,4649457.00,4825113.00
Gold.Coin.140012,20200101,4658000.00,4659990.00,4630000.00,4649457.00,50865061780,10940,216,D,4636864.00,4640000.00
Gold.Coin.140012,20191231,4621000.00,4650000.00,4621000.00,4636864.00,67373633160,14530,269,D,4575823.00,4621116.00
Gold.Coin.140012,20191230,4569006.00,4585000.00,4563009.00,4575823.00,23931555110,5230,161,D,4586340.00,4566001.00
Gold.Coin.140012,20191229,4600000.00,4600000.00,4571100.00,4586340.00,23344472020,5090,194,D,4587057.00,4573005.00
Gold.Coin.140012,20191228,4567777.00,4605621.00,4560000.00,4587057.00,32568106780,7100,275,D,4552043.00,4592000.00
Gold.Coin.140012,20191225,4551997.00,4570000.00,4535000.00,4552043.00,21667724890,4760,177,D,4546716.00,4558860.00
Gold.Coin.140012,20191224,4525000.00,4574900.00,4520000.00,4546716.00,26416419940,5810,145,D,4486931.00,4525000.00
Gold.Coin.140012,20191223,4490011.00,4510000.00,4460001.00,4486931.00,20146321950,4490,153,D,4528698.00,4510000.00
Gold.Coin.140012,20191222,4585000.00,4585000.00,4501112.00,4528698.00,17707209490,3910,193,D,4538622.00,4513701.00
Gold.Coin.140012,20191221,4521112.00,4550000.00,4521112.00,4538622.00,39440631600,8690,236,D,4447719.00,4530011.00
Gold.Coin.140012,20191218,4499896.00,4499896.00,4420112.00,4447719.00,19747873290,4440,179,D,4487415.00,4430000.00
Gold.Coin.140012,20191217,4498999.00,4500000.00,4461000.00,4487415.00,23693554510,5280,222,D,4428982.00,4488800.00
Gold.Coin.140012,20191216,4400000.00,4459699.00,4399000.00,4428982.00,74096876490,16730,280,D,4325838.00,4445000.00
Gold.Coin.140012,20191215,4311555.00,4365000.00,4288079.00,4325838.00,45421296830,10500,411,D,4408514.00,4364999.00
Gold.Coin.140012,20191214,4499999.00,4499999.00,4361500.00,4408514.00,108361276900,24580,407,D,4513102.00,4365000.00
Gold.Coin.140012,20191211,4510200.00,4538900.00,4493000.00,4513102.00,88817861180,19680,544,D,4727919.00,4519001.00
Gold.Coin.140012,20191210,4711001.00,4750000.00,4680002.00,4727919.00,98104317680,20750,655,D,4684519.00,4680002.00
Gold.Coin.140012,20191209,4670111.00,4700000.00,4655000.00,4684519.00,57197979900,12210,271,D,4659642.00,4655014.00
Gold.Coin.140012,20191208,4656111.00,4689999.00,4630000.00,4659642.00,91608575130,19660,361,D,4618090.00,4654999.00
Gold.Coin.140012,20191207,4601001.00,4638888.00,4601001.00,4618090.00,50060100460,10840,341,D,4555701.00,4635000.00
Gold.Coin.140012,20191204,4550000.00,4585000.00,4511000.00,4555701.00,56445142380,12390,270,D,4448542.00,4583200.00
Gold.Coin.140012,20191203,4465000.00,4469800.00,4434000.00,4448542.00,15747838450,3540,148,D,4480189.00,4458012.00
Gold.Coin.140012,20191202,4500000.00,4502000.00,4465100.00,4480189.00,40590510680,9060,358,D,4445256.00,4467285.00
Gold.Coin.140012,20191201,4426000.00,4490000.00,4421000.00,4445256.00,60722195130,13660,293,D,4414563.00,4465000.00
Gold.Coin.140012,20191130,4390001.00,4432000.00,4390001.00,4414563.00,169121903830,38310,404,D,4300812.00,4420000.00
Gold.Coin.140012,20191127,4299000.00,4350000.00,4262009.00,4300812.00,79091935420,18390,304,D,4281669.00,4325000.00
Gold.Coin.140012,20191126,4266666.00,4299000.00,4266666.00,4281669.00,31641538940,7390,237,D,4310092.00,4299000.00
Gold.Coin.140012,20191125,4330000.00,4330000.00,4285000.00,4310092.00,53703747890,12460,339,D,4247586.00,4312000.00
Gold.Coin.140012,20191124,4206000.00,4274000.00,4206000.00,4247586.00,37251332240,8770,231,D,4150580.00,4270000.00
Gold.Coin.140012,20191123,4172999.00,4172999.00,4135000.00,4150580.00,22911201710,5520,177,D,4174292.00,4166988.00
Gold.Coin.140012,20191120,4151111.00,4189000.00,4150002.00,4174292.00,57605232020,13800,201,D,4165642.00,4180004.00
Gold.Coin.140012,20191119,4150000.00,4189999.00,4144448.00,4165642.00,46571873580,11180,230,D,4179264.00,4160000.00
Gold.Coin.140012,20191118,4288700.00,4288700.00,4110000.00,4179264.00,74683446210,17870,433,D,4318375.00,4165000.00
Gold.Coin.140012,20191117,4340000.00,4379999.00,4251003.00,4318375.00,75010171150,17370,380,D,4228897.00,4300000.00
Gold.Coin.140012,20191116,4135000.00,4257254.00,4135000.00,4228897.00,99336802660,23490,423,D,4054528.00,4256500.00
Gold.Coin.140012,20191113,4039000.00,4068999.00,4039000.00,4054528.00,55141576860,13600,265,D,4016375.00,4064000.00
Gold.Coin.140012,20191112,4008000.00,4021700.00,4004444.00,4016375.00,55707120880,13870,153,D,4017766.00,4009000.00
Gold.Coin.140012,20191111,4009800.00,4030000.00,4003000.00,4017766.00,30695731930,7640,159,D,3990903.00,4016000.00
Gold.Coin.140012,20191110,3990000.00,3998997.00,3981000.00,3990903.00,17041154520,4270,112,D,3941293.00,3994149.00
Gold.Coin.140012,20191109,3950000.00,3950000.00,3920000.00,3941293.00,25303104390,6420,156,D,4008307.00,3948001.00
Gold.Coin.140012,20191105,3999000.00,4011955.00,3995000.00,4008307.00,27817654040,6940,157,D,3971889.00,4011940.00
Gold.Coin.140012,20191104,3970000.00,3985000.00,3960000.00,3971889.00,30345236650,7640,145,D,3999270.00,3984899.00
Gold.Coin.140012,20191103,4010000.00,4010000.00,3991003.00,3999270.00,22035979400,5510,151,D,3951732.00,3997000.00
Gold.Coin.140012,20191102,3931000.00,3995000.00,3931000.00,3951732.00,41414156660,10480,188,D,3889227.00,3979000.00
Gold.Coin.140012,20191030,3899999.00,3900000.00,3881110.00,3889227.00,13612293670,3500,122,D,3918948.00,3899900.00
Gold.Coin.140012,20191028,3840000.00,3948000.00,3840000.00,3918948.00,16655528870,4250,153,D,3854909.00,3917001.00
Gold.Coin.140012,20191026,3890000.00,3894000.00,3830001.00,3854909.00,41748667110,10830,158,D,3889837.00,3875000.00
Gold.Coin.140012,20191023,3909000.00,3909000.00,3870002.00,3889837.00,8907727560,2290,79,D,3931222.00,3887500.00
Gold.Coin.140012,20191022,3931000.00,3943999.00,3921002.00,3931222.00,11754352760,2990,89,D,3943925.00,3930879.00
Gold.Coin.140012,20191021,3967999.00,3967999.00,3940000.00,3943925.00,6310279810,1600,70,D,3949163.00,3947000.00
Gold.Coin.140012,20191020,3960000.00,3963990.00,3941501.00,3949163.00,11373590110,2880,113,D,3965452.00,3950001.00
Gold.Coin.140012,20191016,3962000.00,3973000.00,3959000.00,3965452.00,26330601990,6640,111,D,3973697.00,3972000.00
Gold.Coin.140012,20191015,3987997.00,3987998.00,3963000.00,3973697.00,12715830730,3200,97,D,3952563.00,3966008.00
Gold.Coin.140012,20191014,3944999.00,3964000.00,3940000.00,3952563.00,17509855630,4430,116,D,3953838.00,3960001.00
Gold.Coin.140012,20191013,3960000.00,3964000.00,3950000.00,3953838.00,20678572180,5230,121,D,3970540.00,3950000.00
Gold.Coin.140012,20191012,3990000.00,3990000.00,3961004.00,3970540.00,14293943550,3600,151,D,3994905.00,3961004.00
Gold.Coin.140012,20191009,3999955.00,4006000.00,3980000.00,3994905.00,12743746140,3190,61,D,3981637.00,4000020.00
Gold.Coin.140012,20191008,3993000.00,3996888.00,3970000.00,3981637.00,15090404960,3790,127,D,3972092.00,3993000.00
Gold.Coin.140012,20191007,3966035.00,3985500.00,3966035.00,3972092.00,11757393710,2960,70,D,3969919.00,3974889.00
Gold.Coin.140012,20191006,3970000.00,3987996.00,3955001.00,3969919.00,19412903340,4890,87,D,3993587.00,3975900.00
Gold.Coin.140012,20191005,3999995.00,4002999.00,3981000.00,3993587.00,15415246270,3860,126,D,3961023.00,3990000.00
Gold.Coin.140012,20191002,3952000.00,3984899.00,3952000.00,3961023.00,24281070730,6130,115,D,3952914.00,3981000.00
Gold.Coin.140012,20191001,3979900.00,3986900.00,3940000.00,3952914.00,58305476530,14750,220,D,4000075.00,3946000.00
Gold.Coin.140012,20190930,4000007.00,4015000.00,3995000.00,4000075.00,47280893690,11820,190,D,3987431.00,3995000.00
Gold.Coin.140012,20190929,3995000.00,4000000.00,3970000.00,3987431.00,15550980530,3900,137,D,3956190.00,3996002.00
Gold.Coin.140012,20190928,4009000.00,4018000.00,3940000.00,3956190.00,48898515680,12360,327,D,3998142.00,3944000.00
Gold.Coin.140012,20190925,4002000.00,4005000.00,3987001.00,3998142.00,25108331670,6280,125,D,4001011.00,3994000.00
Gold.Coin.140012,20190924,4015005.00,4018000.00,3998000.00,4001011.00,72458311630,18110,266,D,4000344.00,3998000.00
Gold.Coin.140012,20190923,4011100.00,4011100.00,3990000.00,4000344.00,30522627830,7630,253,D,4032720.00,3998023.00
Gold.Coin.140012,20190922,4068999.00,4068999.00,4020004.00,4032720.00,21776689130,5400,129,D,4065004.00,4026000.00
Gold.Coin.140012,20190921,4045111.00,4074998.00,4045111.00,4065004.00,26625778320,6550,211,D,4031992.00,4060000.00
Gold.Coin.140012,20190918,4030000.00,4042598.00,4023001.00,4031992.00,15079648980,3740,152,D,4031403.00,4023001.00
Gold.Coin.140012,20190917,4030300.00,4043500.00,4010000.00,4031403.00,15964355420,3960,145,D,4030524.00,4020001.00
Gold.Coin.140012,20190916,4010001.00,4085000.00,4010001.00,4030524.00,22288798070,5530,176,D,4014892.00,4040000.00
Gold.Coin.140012,20190915,4010007.00,4029000.00,3995001.00,4014892.00,59059057290,14710,205,D,4031789.00,3998000.00
Gold.Coin.140012,20190914,4060000.00,4060000.00,4011113.00,4031789.00,25682495540,6370,227,D,4096560.00,4024000.00
Gold.Coin.140012,20190911,4139999.00,4139999.00,4092000.00,4096560.00,40883671710,9980,198,D,4151050.00,4095000.00
Gold.Coin.140012,20190908,4160000.00,4160000.00,4142002.00,4151050.00,10253092600,2470,120,D,4115926.00,4147000.00
Gold.Coin.140012,20190907,4122000.00,4122899.00,4100504.00,4115926.00,9466629280,2300,100,D,4123274.00,4115000.00
Gold.Coin.140012,20190904,4130000.00,4135000.00,4110000.00,4123274.00,14184061620,3440,104,D,4131473.00,4125000.00
Gold.Coin.140012,20190903,4133000.00,4139789.00,4121011.00,4131473.00,14253581630,3450,107,D,4082514.00,4124000.00
Gold.Coin.140012,20190902,4087000.00,4101499.00,4063001.00,4082514.00,21841451070,5350,156,D,4130526.00,4100000.00
Gold.Coin.140012,20190901,4121000.00,4144000.00,4120000.00,4130526.00,37298653110,9030,240,D,4114107.00,4130000.00
Gold.Coin.140012,20190831,4130000.00,4130000.00,4099006.00,4114107.00,18184353730,4420,191,D,4037900.00,4124800.00
Gold.Coin.140012,20190828,4048999.00,4049000.00,4020005.00,4037900.00,12800144300,3170,124,D,4031478.00,4039200.00
Gold.Coin.140012,20190827,4024000.00,4071030.00,4000000.00,4031478.00,51441655900,12760,367,D,4054446.00,4000000.00
Gold.Coin.140012,20190826,4051000.00,4070000.00,4040000.00,4054446.00,35679128690,8800,307,D,4153333.00,4056000.00
Gold.Coin.140012,20190825,4135000.00,4165000.00,4130102.00,4153333.00,35677130810,8590,116,D,4181869.00,4155000.00
Gold.Coin.140012,20190824,4182000.00,4199994.00,4170007.00,4181869.00,35253156160,8430,136,D,4167291.00,4175002.00
Gold.Coin.140012,20190821,4160510.00,4170399.00,4160000.00,4167291.00,14918902610,3580,113,D,4166804.00,4170000.00
Gold.Coin.140012,20190819,4170000.00,4176999.00,4160000.00,4166804.00,13417108200,3220,85,D,4189288.00,4170400.00
Gold.Coin.140012,20190818,4200000.00,4200000.00,4180000.00,4189288.00,14453045540,3450,124,D,4204724.00,4192000.00
Gold.Coin.140012,20190817,4222218.00,4222218.00,4190010.00,4204724.00,33049130650,7860,171,D,4183630.00,4210000.00
Gold.Coin.140012,20190814,4205000.00,4205000.00,4179999.00,4183630.00,31962937370,7640,192,D,4234002.00,4187000.00
Gold.Coin.140012,20190813,4263000.00,4263000.00,4217000.00,4234002.00,16893669310,3990,137,D,4173378.00,4233000.00
Gold.Coin.140012,20190811,4200000.00,4200000.00,4165002.00,4173378.00,31342068350,7510,150,D,4213730.00,4200000.00
Gold.Coin.140012,20190810,4200000.00,4235000.00,4200000.00,4213730.00,29285425830,6950,123,D,4261590.00,4220000.00
Gold.Coin.140012,20190807,4220000.00,4273995.00,4220000.00,4261590.00,22032423940,5170,166,D,4223267.00,4268001.00
Gold.Coin.140012,20190806,4221000.00,4232900.00,4210001.00,4223267.00,36404566680,8620,135,D,4240442.00,4216002.00
Gold.Coin.140012,20190805,4235000.00,4250097.00,4201021.00,4240442.00,53938428770,12720,320,D,4154469.00,4249000.00
Gold.Coin.140012,20190804,4120001.00,4165000.00,4120000.00,4154469.00,14873000010,3580,127,D,4177516.00,4160003.00
Gold.Coin.140012,20190803,4199000.00,4199999.00,4140002.00,4177516.00,38516695840,9220,226,D,4100794.00,4172010.00
Gold.Coin.140012,20190731,4149998.00,4149998.00,4085000.00,4100794.00,57493129240,14020,331,D,4210664.00,4085000.00
Gold.Coin.140012,20190730,4217236.00,4224992.00,4177777.00,4210664.00,85602814170,20330,162,D,4213402.00,4180001.00
Gold.Coin.140012,20190729,4219999.00,4230000.00,4195000.00,4213402.00,45841812430,10880,128,D,4245508.00,4223000.00
Gold.Coin.140012,20190728,4250000.00,4270000.00,4223000.00,4245508.00,28572267720,6730,136,D,4229126.00,4245000.00
Gold.Coin.140012,20190727,4264900.00,4279898.00,4200000.00,4229126.00,53329280930,12610,183,D,4325032.00,4269999.00
Gold.Coin.140012,20190724,4350000.00,4350000.00,4286000.00,4325032.00,49348615370,11410,214,D,4387015.00,4289999.00
Gold.Coin.140012,20190723,4340000.00,4410000.00,4340000.00,4387015.00,42378571780,9660,246,D,4274672.00,4397011.00
Gold.Coin.140012,20190722,4309933.00,4309933.00,4250035.00,4274672.00,36249220860,8480,116,D,4319196.00,4290000.00
Gold.Coin.140012,20190721,4275001.00,4325303.00,4275001.00,4319196.00,98045755660,22700,286,D,4126266.00,4295008.00
Gold.Coin.140012,20190720,4099908.00,4150285.00,4071000.00,4126266.00,63338190220,15350,237,D,3971884.00,4150285.00
Gold.Coin.140012,20190717,3902000.00,4099996.00,3902000.00,3971884.00,95722409400,24100,419,D,4079520.00,4080000.00
Gold.Coin.140012,20190716,4079002.00,4120000.00,4072423.00,4079520.00,90850917170,22270,331,D,4295531.00,4072423.00
Gold.Coin.140012,20190715,4349009.00,4349009.00,4250000.00,4295531.00,45188988860,10520,212,D,4378110.00,4270000.00
Gold.Coin.140012,20190714,4402345.00,4410000.00,4354000.00,4378110.00,70356233250,16070,250,D,4483786.00,4368000.00
Gold.Coin.140012,20190713,4485000.00,4500000.00,4415000.00,4483786.00,48918112960,10910,166,D,4563676.00,4458999.00
Gold.Coin.140012,20190710,4540000.00,4573000.00,4540000.00,4563676.00,21266732330,4660,109,D,4560262.00,4573000.00
Gold.Coin.140012,20190709,4575001.00,4584000.00,4535005.00,4560262.00,37166133730,8150,187,D,4583075.00,4543000.00
Gold.Coin.140012,20190708,4578101.00,4595000.00,4578099.00,4583075.00,85932659660,18750,154,D,4613660.00,4595000.00
Gold.Coin.140012,20190707,4600000.00,4640000.00,4590000.00,4613660.00,36355645960,7880,264,D,4699742.00,4606000.00
Gold.Coin.140012,20190706,4718000.00,4718000.00,4680000.00,4699742.00,134600619770,28640,397,D,4622949.00,4714996.00
Gold.Coin.140012,20190703,4605000.00,4630000.00,4605000.00,4622949.00,33054090670,7150,128,D,4579983.00,4628800.00
Gold.Coin.140012,20190702,4599900.00,4600000.00,4560111.00,4579983.00,50425610680,11010,179,D,4587466.00,4570000.00
Gold.Coin.140012,20190701,4534000.00,4603999.00,4534000.00,4587466.00,65050273200,14180,227,D,4608712.00,4600000.00
Gold.Coin.140012,20190630,4620001.00,4635000.00,4597001.00,4608712.00,113835187310,24700,208,D,4677844.00,4614994.00
Gold.Coin.140012,20190626,4640001.00,4700000.00,4640001.00,4677844.00,93322985670,19950,170,D,4735939.00,4684500.00
Gold.Coin.140012,20190625,4747964.00,4747964.00,4720000.00,4735939.00,66871465870,14120,195,D,4751028.00,4740000.00
Gold.Coin.140012,20190624,4750000.00,4760000.00,4740000.00,4751028.00,42284152510,8900,217,D,4724689.00,4750000.00
Gold.Coin.140012,20190623,4743000.00,4743000.00,4700000.00,4724689.00,28584372750,6050,100,D,4735003.00,4740000.00
Gold.Coin.140012,20190622,4727000.00,4800000.00,4720200.00,4735003.00,144796412580,30580,264,D,4692321.00,4725000.00
Gold.Coin.140012,20190619,4680000.00,4715000.00,4680000.00,4692321.00,123267277040,26270,241,D,4683798.00,4715000.00
Gold.Coin.140012,20190618,4700000.00,4700000.00,4660222.00,4683798.00,87633861260,18710,282,D,4739883.00,4699000.00
Gold.Coin.140012,20190617,4775000.00,4775000.00,4730001.00,4739883.00,40052015550,8450,170,D,4817008.00,4730001.00
Gold.Coin.140012,20190616,4790100.00,4849999.00,4777777.00,4817008.00,107563784430,22330,372,D,4697469.00,4839999.00
Gold.Coin.140012,20190615,4698999.00,4715000.00,4673000.00,4697469.00,89909560830,19140,358,D,4579823.00,4709000.00
Gold.Coin.140012,20190612,4546001.00,4599000.00,4546000.00,4579823.00,78589759760,17160,228,D,4534534.00,4570000.00
Gold.Coin.140012,20190611,4529998.00,4550000.00,4510000.00,4534534.00,47521921780,10480,210,D,4512207.00,4539988.00
Gold.Coin.140012,20190610,4500000.00,4560000.00,4472000.00,4512207.00,72556294590,16080,190,D,4480148.00,4550000.00
Gold.Coin.140012,20190609,4510002.00,4520000.00,4452500.00,4480148.00,103805035170,23170,377,D,4670074.00,4477000.00
Gold.Coin.140012,20190608,4650001.00,4700000.00,4622673.00,4670074.00,64306927260,13770,203,D,4618513.00,4622673.00
Gold.Coin.140012,20190603,4658950.00,4658950.00,4592000.00,4618513.00,113153584160,24500,426,D,4665074.00,4612000.00
Gold.Coin.140012,20190602,4635000.00,4675000.00,4635000.00,4665074.00,90502432380,19400,207,D,4703718.00,4659200.00
Gold.Coin.140012,20190601,4730000.00,4730000.00,4690000.00,4703718.00,126247788130,26840,301,D,4692549.00,4704998.00
Gold.Coin.140012,20190529,4695000.00,4719917.00,4616002.00,4692549.00,191315238570,40770,361,D,4727813.00,4700003.00
Gold.Coin.140012,20190528,4740000.00,4766000.00,4680001.00,4727813.00,118053495500,24970,383,D,4843848.00,4722222.00
Gold.Coin.140012,20190526,4800000.00,4875000.00,4784001.00,4843848.00,69606105080,14370,186,D,4851349.00,4840000.00
Gold.Coin.140012,20190525,4875210.00,4906000.00,4800004.00,4851349.00,35220794730,7260,181,D,4916695.00,4843000.00
Gold.Coin.140012,20190522,4900000.00,4930000.00,4900000.00,4916695.00,94646378100,19250,331,D,4806765.00,4915000.00
Gold.Coin.140012,20190521,4749397.00,4867900.00,4730000.00,4806765.00,103297390020,21490,373,D,4749484.00,4867900.00
Gold.Coin.140012,20190520,4829000.00,4829000.00,4680000.00,4749484.00,179815471740,37860,490,D,4899566.00,4745000.00
Gold.Coin.140012,20190519,4939999.00,4939999.00,4890000.00,4899566.00,119010462550,24290,276,D,4960026.00,4900000.00
Gold.Coin.140012,20190518,5050000.00,5050000.00,4950009.00,4960026.00,81394026510,16410,368,D,5079608.00,4960000.00
Gold.Coin.140012,20190515,5119000.00,5119000.00,5054000.00,5079608.00,86607321790,17050,226,D,5105895.00,5054001.00
Gold.Coin.140012,20190514,5120000.00,5128001.00,5086145.00,5105895.00,57696618090,11300,207,D,5115986.00,5115001.00
Gold.Coin.140012,20190513,5155000.00,5155000.00,5100500.00,5115986.00,59294275810,11590,209,D,5104850.00,5109000.00
Gold.Coin.140012,20190512,5133333.00,5140000.00,5060000.00,5104850.00,88824389980,17400,313,D,5214274.00,5100000.00
Gold.Coin.140012,20190511,5270000.00,5270000.00,5170000.00,5214274.00,172853195520,33150,568,D,5286952.00,5176000.00
Gold.Coin.140012,20190508,5258000.00,5312999.00,5250000.00,5286952.00,79039937610,14950,336,D,5233416.00,5277003.00
Gold.Coin.140012,20190507,5200300.00,5269899.00,5200000.00,5233416.00,90224091710,17240,451,D,5161049.00,5261500.00
Gold.Coin.140012,20190506,5130000.00,5177800.00,5115000.00,5161049.00,137851625670,26710,352,D,5140568.00,5171000.00
Gold.Coin.140012,20190505,5156000.00,5181000.00,5112002.00,5140568.00,91759135010,17850,492,D,5157164.00,5160000.00
Gold.Coin.140012,20190504,5152001.00,5184996.00,5125000.00,5157164.00,82205195890,15940,451,D,5099439.00,5178000.00
Gold.Coin.140012,20190501,5105000.00,5129000.00,5089001.00,5099439.00,105966346190,20780,370,D,5036190.00,5112000.00
Gold.Coin.140012,20190430,5039002.00,5055001.00,4990011.00,5036190.00,90097444130,17890,281,D,5054731.00,5006999.00
Gold.Coin.140012,20190429,5070000.00,5074000.00,5050000.00,5054731.00,121313538310,24000,361,D,5094016.00,5050505.00
Gold.Coin.140012,20190428,5100000.00,5100000.00,5071002.00,5094016.00,88330243140,17340,360,D,5071057.00,5100000.00
Gold.Coin.140012,20190427,5068001.00,5088000.00,5056011.00,5071057.00,117242847960,23120,420,D,4999931.00,5088000.00
Gold.Coin.140012,20190424,4999742.00,5013333.00,4990002.00,4999931.00,43749399550,8750,204,D,4989769.00,5008002.00
Gold.Coin.140012,20190423,4995000.00,5010000.00,4960000.00,4989769.00,113417445750,22730,408,D,4986547.00,4988001.00
Gold.Coin.140012,20190422,4989999.00,5028998.00,4950000.00,4986547.00,109005915180,21860,479,D,4859462.00,4985000.00
Gold.Coin.140012,20190420,4877999.00,4880000.00,4837000.00,4859462.00,67254955570,13840,263,D,4852602.00,4860000.00
Gold.Coin.140012,20190417,4820000.00,4880000.00,4820000.00,4852602.00,36054837300,7430,202,D,4819838.00,4870000.00
Gold.Coin.140012,20190416,4860000.00,4860000.00,4801000.00,4819838.00,62079522090,12880,263,D,4945307.00,4808000.00
Gold.Coin.140012,20190415,4990000.00,4990000.00,4900000.00,4945307.00,45051746650,9110,254,D,4876205.00,4955005.00
Gold.Coin.140012,20190414,4945000.00,4945000.00,4836000.00,4876205.00,62756758090,12870,301,D,4894656.00,4885000.00
Gold.Coin.140012,20190413,5035000.00,5035000.00,4891833.00,4894656.00,45911875520,9380,281,D,5161180.00,4891833.00
Gold.Coin.140012,20190410,5200000.00,5200000.00,5065002.00,5161180.00,77778979870,15070,167,D,5327513.00,5065002.00
Gold.Coin.140012,20190409,5328821.00,5328821.00,5251009.00,5327513.00,18859397180,3540,140,D,5322500.00,5320000.00
Gold.Coin.140012,20190408,5303000.00,5390000.00,5224000.00,5322500.00,34649478330,6510,254,D,5242255.00,5348000.00
Gold.Coin.140012,20190407,5320557.00,5325000.00,5150000.00,5242255.00,53156472970,10140,328,D,5076736.00,5320000.00
Gold.Coin.140012,20190406,4960000.00,5120000.00,4960000.00,5076736.00,31272692310,6160,179,D,4980789.00,5119999.00
Gold.Coin.140012,20190331,4955555.00,5000000.00,4941010.00,4980789.00,26647222950,5350,98,D,4914032.00,4979999.00
Gold.Coin.140012,20190330,4880000.00,4935000.00,4850000.00,4914032.00,14004991130,2850,98,D,4910692.00,4931899.00
Gold.Coin.140012,20190327,4890000.00,4940000.00,4890000.00,4910692.00,4616050610,940,52,D,4900096.00,4903000.00
Gold.Coin.140012,20190326,4830000.00,4913000.00,4830000.00,4900096.00,3038059980,620,27,D,4893416.00,4891000.00
Gold.Coin.140012,20190325,4836000.00,4900000.00,4836000.00,4893416.00,587210000,120,5,D,4873750.00,4900000.00
Gold.Coin.140012,20190319,4800000.00,4900000.00,4800000.00,4873750.00,389899990,80,8,D,4774405.00,4850001.00
Gold.Coin.140012,20190318,4702000.00,4800000.00,4702000.00,4774405.00,477440500,100,9,D,4702750.00,4800000.00
Gold.Coin.140012,20190317,4701000.00,4750000.00,4660000.00,4702750.00,188110000,40,4,D,1000000.00,4750000.00
